{
    "rf_accuracy": 0.8957129094412332,
    "xgb_accuracy": 0.904383429672447
}